Charlotte061,Mon Sep 28 18:59:25 2026 +1000,Clean up Prototype 5 js,Removed unused code and updated the control comments to match the current function.

Charlotte061,Mon Sep 28 18:54:45 2026 +1000,update footer color,
Charlotte061,Sun Sep 27 20:50:26 2026 +1000,Fix Prototype 5 selection and reset problem,Updated the sound selection so both a genre and atmosphere must be chosen before playback can start. Reset now clears all selected sound buttons and returns the controls to their default state.

Charlotte061,Sun Sep 27 20:40:19 2026 +1000,refine Prototype 5,Refined the example-based sound selection by improving spacing, typography and intensity controls. Updated the playback controls with icons and simplified the layout.

Charlotte061,Sun Sep 27 20:13:33 2026 +1000,updated audio links,
Charlotte061,Fri Sep 25 20:09:27 2026 +1000,test sound problem,
Charlotte061,Fri Sep 25 19:37:47 2026 +1000,test sounds,
Charlotte061,Fri Sep 25 18:46:07 2026 +1000,redeploy prototype5,
Charlotte061,Wed Sep 23 14:12:41 2026 +1000,update link address,
Charlotte061,Mon Sep 21 19:03:38 2026 +1000,Add Prototype 5 with sound selection,Users can click each sound to preview it before starting the soundtrack. And visual feedback is added to show which sounds are selected

Charlotte061,Sun Sep 20 19:58:03 2026 +1000,upload audio files,
Charlotte061,Sun Sep 20 19:47:44 2026 +1000,Update main.js,
Charlottezeng061,Sun Sep 20 18:41:12 2026 +1000,Merge pull request #2 from charlotte-exploration-five/prototype5,Merge Prototype 5 into main prototypes repository
Charlottezeng061,Sun Sep 20 18:41:03 2026 +1000,Merge branch 'prototype5' into prototype5,
Charlottezeng061,Sun Sep 20 18:38:22 2026 +1000,Delete audio directory,
Charlotte061,Sun Sep 20 18:35:29 2026 +1000,update name,
Charlottezeng061,Sun Sep 20 18:33:21 2026 +1000,Merge pull request #1 from charlotte-exploration-four/prototype4,Merge Prototype 4 into main prototypes repository
Charlottezeng061,Sun Sep 20 18:32:54 2026 +1000,Merge branch 'prototype4' into prototype4,
Charlotte061,Sun Sep 20 17:54:04 2026 +1000,updated prototype5,wanna make each tag can be clicked and play the audio

Charlotte061,Wed Sep 16 18:52:03 2026 +1000,build up prototype5 with examples guidance,add sound tags below each option

